player_id,game_id,player_name,role,is_werewolf,similarity,attempts,status,threshold
game1_Player3,1,Player3,Werewolf,True,0.8144499063491821,0,EXISTING,0.75
game1_Player4,1,Player4,Villager,False,0.8126916885375977,0,EXISTING,0.75
game1_Player5,1,Player5,Villager,False,0.792217493057251,0,EXISTING,0.75
game1_Player2,1,Player2,Villager,False,0.8182392120361328,0,EXISTING,0.75
game1_Player1,1,Player1,FortuneTeller,False,0.8402971625328064,0,EXISTING,0.75
game2_Player2,2,Player2,Villager,False,0.7586186528205872,0,EXISTING,0.75
game2_Player3,2,Player3,Werewolf,True,0.8013138175010681,0,EXISTING,0.75
game2_Player1,2,Player1,Villager,False,0.7861236333847046,0,EXISTING,0.75
game2_Player4,2,Player4,Villager,False,0.7642014622688293,1,SUCCESS,0.75
game2_Player5,2,Player5,FortuneTeller,False,0.781640350818634,0,EXISTING,0.75
game3_Player5,3,Player5,Villager,False,0.7408818602561951,5,FAILED_TO_REACH,0.75
game3_Player2,3,Player2,Werewolf,True,0.768445611000061,0,EXISTING,0.75
game3_Player1,3,Player1,FortuneTeller,False,0.8183177709579468,0,EXISTING,0.75
game3_Player3,3,Player3,Villager,False,0.8391938805580139,0,EXISTING,0.75
game3_Player4,3,Player4,Villager,False,0.822612464427948,0,EXISTING,0.75
game4_Player2,4,Player2,Villager,False,0.8298869132995605,0,EXISTING,0.75
game4_Player5,4,Player5,Werewolf,True,0.7828436493873596,0,EXISTING,0.75
game4_Player3,4,Player3,Villager,False,0.7739160060882568,0,EXISTING,0.75
game4_Player1,4,Player1,Villager,False,0.7503434419631958,2,SUCCESS,0.75
game4_Player4,4,Player4,FortuneTeller,False,0.6955490112304688,5,FAILED_TO_REACH,0.75
game5_Player1,5,Player1,Villager,False,0.7932888269424438,0,EXISTING,0.75
game5_Player2,5,Player2,Werewolf,True,0.7664926052093506,0,EXISTING,0.75
game5_Player3,5,Player3,FortuneTeller,False,0.7715073823928833,0,EXISTING,0.75
game5_Player5,5,Player5,Villager,False,0.7611887454986572,0,EXISTING,0.75
game5_Player4,5,Player4,Villager,False,0.815090000629425,0,EXISTING,0.75
game6_Player5,6,Player5,Villager,False,0.8106260299682617,0,EXISTING,0.75
game6_Player2,6,Player2,Villager,False,0.8108046054840088,0,EXISTING,0.75
game6_Player4,6,Player4,Villager,False,0.8041173815727234,0,EXISTING,0.75
game6_Player1,6,Player1,FortuneTeller,False,0.8138362169265747,0,EXISTING,0.75
game6_Player3,6,Player3,Werewolf,True,0.7671458125114441,0,EXISTING,0.75
game7_Player3,7,Player3,Villager,False,0.7568022608757019,2,SUCCESS,0.75
game7_Player5,7,Player5,Villager,False,0.7939271926879883,0,EXISTING,0.75
game7_Player4,7,Player4,Villager,False,0.8069493770599365,0,EXISTING,0.75
game7_Player2,7,Player2,Werewolf,True,0.8094130754470825,0,EXISTING,0.75
game7_Player1,7,Player1,FortuneTeller,False,0.8251846432685852,0,EXISTING,0.75
game8_Player3,8,Player3,FortuneTeller,False,0.827832818031311,0,EXISTING,0.75
game8_Player1,8,Player1,Villager,False,0.7557839751243591,0,EXISTING,0.75
game8_Player2,8,Player2,Villager,False,0.7976470589637756,0,EXISTING,0.75
game8_Player4,8,Player4,Villager,False,0.8389435410499573,0,EXISTING,0.75
game8_Player5,8,Player5,Werewolf,True,0.8041117787361145,0,EXISTING,0.75
game9_Player3,9,Player3,FortuneTeller,False,0.7698142528533936,0,EXISTING,0.75
game9_Player4,9,Player4,Villager,False,0.8182310461997986,0,EXISTING,0.75
game9_Player5,9,Player5,Werewolf,True,0.8078784942626953,0,EXISTING,0.75
game9_Player1,9,Player1,Villager,False,0.8301849365234375,0,EXISTING,0.75
game9_Player2,9,Player2,Villager,False,0.8247601985931396,0,EXISTING,0.75
game10_Player4,10,Player4,Villager,False,0.7721349000930786,0,EXISTING,0.75
game10_Player1,10,Player1,Werewolf,True,0.8126626014709473,0,EXISTING,0.75
game10_Player3,10,Player3,FortuneTeller,False,0.8303572535514832,0,EXISTING,0.75
game10_Player2,10,Player2,Villager,False,0.8276897668838501,0,EXISTING,0.75
game10_Player5,10,Player5,Villager,False,0.8356801867485046,0,EXISTING,0.75
game12_Player5,12,Player5,Villager,False,0.8297577500343323,0,EXISTING,0.75
game12_Player4,12,Player4,Villager,False,0.8233489394187927,0,EXISTING,0.75
game12_Player1,12,Player1,Villager,False,0.8025264143943787,0,EXISTING,0.75
game12_Player2,12,Player2,Werewolf,True,0.7639788389205933,0,EXISTING,0.75
game12_Player3,12,Player3,FortuneTeller,False,0.816226601600647,0,EXISTING,0.75
game13_Player2,13,Player2,Villager,False,0.7869260311126709,0,EXISTING,0.75
game13_Player1,13,Player1,Villager,False,0.7977539300918579,0,EXISTING,0.75
game13_Player5,13,Player5,FortuneTeller,False,0.8197115659713745,0,EXISTING,0.75
game13_Player3,13,Player3,Werewolf,True,0.7284018397331238,5,FAILED_TO_REACH,0.75
game13_Player4,13,Player4,Villager,False,0.7829550504684448,0,EXISTING,0.75
game14_Player3,14,Player3,Villager,False,0.7946581840515137,0,EXISTING,0.75
game14_Player2,14,Player2,Villager,False,0.7714365124702454,0,EXISTING,0.75
game14_Player4,14,Player4,FortuneTeller,False,0.8225625157356262,0,EXISTING,0.75
game14_Player1,14,Player1,Villager,False,0.6770610809326172,5,FAILED_TO_REACH,0.75
game14_Player5,14,Player5,Werewolf,True,0.8317771553993225,0,EXISTING,0.75
game15_Player5,15,Player5,Werewolf,True,0.804956316947937,0,EXISTING,0.75
game15_Player4,15,Player4,FortuneTeller,False,0.7777407765388489,0,EXISTING,0.75
game15_Player2,15,Player2,Villager,False,0.8265705704689026,0,EXISTING,0.75
game15_Player3,15,Player3,Villager,False,0.7960013747215271,0,EXISTING,0.75
game15_Player1,15,Player1,Villager,False,0.7465636730194092,5,FAILED_TO_REACH,0.75
game16_Player1,16,Player1,Villager,False,0.8183277249336243,0,EXISTING,0.75
game16_Player2,16,Player2,Werewolf,True,0.7832719683647156,0,EXISTING,0.75
game16_Player5,16,Player5,Villager,False,0.8009346127510071,0,EXISTING,0.75
game16_Player4,16,Player4,FortuneTeller,False,0.7953051328659058,0,EXISTING,0.75
game16_Player3,16,Player3,Villager,False,0.8080934286117554,0,EXISTING,0.75
game17_Player2,17,Player2,Villager,False,0.7837809920310974,0,EXISTING,0.75
game17_Player3,17,Player3,FortuneTeller,False,0.8132625222206116,0,EXISTING,0.75
game17_Player1,17,Player1,Werewolf,True,0.7572528123855591,0,EXISTING,0.75
game17_Player5,17,Player5,Villager,False,0.7802387475967407,0,EXISTING,0.75
game17_Player4,17,Player4,Villager,False,0.6987809538841248,5,FAILED_TO_REACH,0.75
game18_Player2,18,Player2,Villager,False,0.7531034350395203,1,SUCCESS,0.75
game18_Player1,18,Player1,Villager,False,0.8170018196105957,0,EXISTING,0.75
game18_Player3,18,Player3,Werewolf,True,0.7855475544929504,0,EXISTING,0.75
game18_Player5,18,Player5,Villager,False,0.7870499491691589,0,EXISTING,0.75
game18_Player4,18,Player4,FortuneTeller,False,0.78387850522995,0,EXISTING,0.75
game19_Player2,19,Player2,Villager,False,0.7861398458480835,0,EXISTING,0.75
game19_Player4,19,Player4,Werewolf,True,0.7927221655845642,0,EXISTING,0.75
game19_Player5,19,Player5,Villager,False,0.7835370302200317,0,EXISTING,0.75
game19_Player3,19,Player3,Villager,False,0.7316814064979553,5,FAILED_TO_REACH,0.75
game19_Player1,19,Player1,FortuneTeller,False,0.8047410845756531,0,EXISTING,0.75
game20_Player4,20,Player4,Villager,False,0.787885844707489,0,EXISTING,0.75
game20_Player3,20,Player3,Werewolf,True,0.7642640471458435,0,EXISTING,0.75
game20_Player2,20,Player2,Villager,False,0.8141683340072632,0,EXISTING,0.75
game20_Player5,20,Player5,FortuneTeller,False,0.8356903791427612,0,EXISTING,0.75
game20_Player1,20,Player1,Villager,False,0.7809745073318481,0,EXISTING,0.75
